serial,warranty_expiry
5CD22881S5,03/11/2023
5CD228H9R8,17/09/2023
5CD228H9RG,17/09/2023
5CD228H9RH,29/11/2023
5CD228H9RJ,17/09/2023
5CD228H9RL,17/09/2023
5CD228H9RN,08/11/2023
5CD228H9RS,17/09/2023
5CD228H9RV,23/08/2023
5CD228H9RX,17/09/2023
5CD228H9RY,05/12/2023
5CD228H9S4,04/07/2024
5CD228H9S6,16/11/2023
5CD228H9S9,17/09/2023
5CD228H9SB,17/09/2023
5CD228H9SF,05/12/2023
5CD228H9SJ,23/08/2023
5CD228H9SL,10/01/2024
5CD228H9SN,17/09/2023
5CD228H9SP,12/11/2023
5CD228H9SX,29/11/2023
5CD228H9SY,15/11/2023
5CD228H9T3,08/11/2023
5CD228H9TJ,17/09/2023
5CD228H9TM,01/01/2024
5CD228H9TN,29/11/2023
5CD228H9TP,17/09/2023
5CD228H9TZ,17/09/2023
5CD228H9VB,17/09/2023
5CD2434Y15,07/08/2024
5CD2434Y5H,28/12/2023
5CD5096B7H,10/03/2028
5CG131C365,02/11/2024
5CG131C36H,07/10/2024
5CG131C39W,06/10/2024
5CG13219MG,06/10/2024
5CG13219MK,06/10/2024
5CG13219MN,06/10/2024
5CG13219MP,06/10/2024
5CG13219MR,13/09/2024
5CG13219MV,13/09/2024
5CG13219MX,07/10/2024
5CG13219N2,06/10/2024
5CG13219N3,07/10/2024
5CG13219N6,10/10/2024
5CG13219N7,07/10/2024
5CG13219NG,06/10/2024
5CG13219NL,06/10/2024
5CG13219NS,13/09/2024
5CG13219NX,13/09/2024
5CG13219NZ,06/10/2024
5CG13219P4,06/10/2024
5CG13219P7,06/10/2024
5CG13219PJ,06/10/2024
5CG13219PT,13/09/2024
5CG13219PV,06/10/2024
5CG13219Q0,10/10/2024
5CG13219Q1,07/10/2024
5CG13219Q2,30/09/2024
5CG13219Q4,30/09/2024
5CG13219QF,06/10/2024
5CG13219QH,06/10/2024
5CG13219QL,06/10/2024
5CG13219QX,26/09/2024
5CG13219QZ,07/10/2024
5CG13219R2,19/12/2024
5CG13219R6,07/10/2024
5CG13219R7,13/09/2024
5CG13219R8,07/10/2024
5CG13219RD,13/09/2024
5CG13219RF,06/10/2024
5CG13219RJ,18/09/2024
5CG13219RL,07/10/2024
5CG13219RN,07/10/2024
5CG13219RQ,10/10/2024
5CG13219RS,30/09/2024
5CG13219RV,07/10/2024
5CG13219RZ,07/10/2024
5CG13219S2,13/09/2024
5CG13219S4,30/09/2024
5CG13219S7,26/09/2024
5CG13219S8,30/09/2024
5CG13219TB,10/10/2024
5CG13219TD,30/09/2024
5CG13219TF,30/09/2024
5CG13219TH,07/10/2024
5CG13219TK,13/09/2024
5CG13219TL,30/09/2024
5CG13219TN,07/10/2024
5CG13219TP,10/10/2024
5CG13219TQ,30/09/2024
5CG13219TR,18/10/2024
5CG13219TT,07/10/2024
5CG13219TW,07/10/2024
5CG13219TX,13/09/2024
5CG13219TY,07/10/2024
5CG13219TZ,30/09/2024
5CG13219V0,06/10/2024
5CG13219V2,13/09/2024
5CG13219V3,30/09/2024
5CG13219V4,07/10/2024
5CG13219V7,30/09/2024
5CG13219VB,30/09/2024
5CG13219VC,13/09/2024
5CG13219VD,30/09/2024
5CG13219VH,07/10/2024
5CG13219VJ,30/09/2024
5CG13219VM,30/09/2024
5CG13219VN,30/09/2024
5CG13219VR,30/09/2024
5CG13219VS,13/09/2024
5CG13219VT,07/10/2024
5CG13219VW,30/09/2024
5CG1321B36,10/10/2024
5CG1321B38,30/09/2024
5CG1321B39,07/10/2024
5CG1321B3C,07/10/2024
5CG1321B3D,13/09/2024
5CG1321B3F,07/10/2024
5CG1321B3G,07/10/2024
5CG1321B3J,13/09/2024
5CG1321B3K,30/09/2024
5CG1321B3L,13/09/2024
5CG1321B3M,30/09/2024
5CG1321B3P,07/10/2024
5CG1321B3Q,13/09/2024
5CG1321B3R,30/09/2024
5CG1321B3S,10/10/2024
5CG1321B3T,07/10/2024
5CG1321B3X,07/10/2024
5CG1321B3Y,06/10/2024
5CG1321B3Z,07/10/2024
5CG1321B43,07/10/2024
5CG1321B44,06/10/2024
5CG1321B45,06/10/2024
5CG1321B48,07/10/2024
5CG1321B49,07/10/2024
5CG1321B4B,07/10/2024
5CG1321B4F,07/10/2024
5CG1321B4G,07/10/2024
5CG1321B4H,07/10/2024
5CG1321B4J,06/10/2024
5CG1321B4N,07/10/2024
5CG1321B4Q,07/10/2024
5CG1321B4S,10/11/2024
5CG1321B4W,06/10/2024
5CG1321B4X,06/10/2024
5CG1321B50,06/10/2024
5CG1321B52,07/10/2024
5CG1321B53,07/10/2024
5CG1321B55,07/10/2024
5CG1321B56,09/11/2024
5CG1321B58,06/10/2024
5CG1321B59,06/10/2024
5CG1321B5C,07/10/2024
5CG1321B5H,13/09/2024
5CG1321B5J,06/10/2024
5CG1321B5L,07/10/2024
5CG1321B5R,07/10/2024
5CG1321B5T,Not Found
5CG1321B5V,07/10/2024
5CG1321B5X,06/10/2024
5CG1321B5Z,06/10/2024
5CG1321B61,07/10/2024
5CG1321B68,06/10/2024
5CG1321B69,10/10/2024
5CG1321B6B,07/10/2024
5CG1321B82,10/10/2024
5CG1321B86,06/10/2024
5CG1321B87,13/09/2024
5CG1321B8B,10/10/2024
5CG1321B8J,10/10/2024
5CG1321B8L,30/09/2024
5CG1321B8P,13/11/2024
5CG1321B8Q,10/10/2024
5CG1321B8S,10/10/2024
5CG1321B8T,10/10/2024
5CG1321B8X,10/10/2024
5CG1321B8Z,10/10/2024
5CG1321B91,06/10/2024
5CG1325PP3,27/09/2024
5CG13344YV,11/10/2024
5CG13344Z7,12/10/2024
5CG13366TK,12/10/2024
5CG13366TM,11/10/2024
5CG13366TS,23/09/2024
5CG13366TT,11/10/2024
5CG13366V1,23/09/2024
5CG13366V5,23/09/2024
5CG13366V6,11/10/2024
5CG13366VC,11/10/2024
5CG13366VH,23/09/2024
5CG13366VK,12/10/2024
5CG13366VZ,23/09/2024
5CG13366W0,Not Found
5CG13366W2,12/10/2024
5CG13366W4,23/09/2024
5CG13366WC,23/09/2024
5CG13366WD,12/10/2024
5CG13366WF,23/09/2024
5CG13366WM,23/09/2024
5CG13366WQ,23/09/2024
5CG13366X4,11/10/2024
5CG13366X5,23/09/2024
5CG13366X6,11/10/2024
5CG13366X8,23/09/2024
5CG13366X9,11/10/2024
5CG13366XB,11/10/2024
5CG13366XC,11/10/2024
5CG13366XF,23/09/2024
5CG13366XG,23/09/2024
5CG13366XL,23/09/2024
5CG13366XM,12/10/2024
5CG13366XN,11/10/2024
5CG13366ZC,11/10/2024
5CG13366ZD,11/10/2024
5CG13366ZF,12/10/2024
5CG13366ZK,12/10/2024
5CG13366ZN,11/10/2024
5CG13366ZR,12/10/2024
5CG13366ZT,23/09/2024
5CG13366ZV,23/09/2024
5CG13366ZY,23/09/2024
5CG1336701,11/10/2024
5CG1336702,11/10/2024
5CG1336703,23/09/2024
5CG1336704,23/09/2024
5CG1336705,23/09/2024
5CG133670B,12/10/2024
5CG133670D,23/09/2024
5CG133670K,11/10/2024
5CG133670N,23/09/2024
5CG133670R,23/09/2024
5CG133670T,11/10/2024
5CG133670W,11/10/2024
5CG133670X,11/10/2024
5CG133672L,11/10/2024
5CG133672M,11/10/2024
5CG133672Q,11/10/2024
5CG133672T,11/10/2024
5CG133672V,11/10/2024
5CG133672W,11/10/2024
5CG1336730,12/10/2024
5CG1336733,11/10/2024
5CG1336734,11/10/2024
5CG1336735,11/10/2024
5CG133673B,11/10/2024
5CG133673C,11/10/2024
5CG133673D,11/10/2024
5CG133673F,11/10/2024
5CG133673G,11/10/2024
5CG133673K,11/10/2024
5CG133673L,11/10/2024
5CG133673P,23/09/2024
5CG133673Q,23/09/2024
5CG133673R,11/10/2024
5CG133673T,11/10/2024
5CG133673V,11/10/2024
5CG133673W,Not Found
5CG133673X,11/10/2024
5CG1336740,Not Found
5CG1336742,12/10/2024
5CG1336745,11/10/2024
5CG133675T,11/10/2024
5CG133675V,11/10/2024
5CG133675W,11/10/2024
5CG133675Y,11/10/2024
5CG133675Z,23/09/2024
5CG1336760,11/10/2024
5CG1336761,11/10/2024
5CG133676C,11/10/2024
5CG133676D,11/10/2024
5CG133676J,11/10/2024
5CG133676K,25/10/2024
5CG133676L,11/10/2024
5CG133676P,11/10/2024
5CG133676R,11/10/2024
5CG133676S,11/10/2024
5CG133676T,11/10/2024
5CG133676V,12/10/2024
5CG133676W,11/10/2024
5CG133676X,11/10/2024
5CG133676Y,11/10/2024
5CG133676Z,11/10/2024
5CG1336770,11/10/2024
5CG1336774,11/10/2024
5CG1336775,11/10/2024
5CG1336777,11/10/2024
5CG1336779,11/10/2024
5CG133677B,11/10/2024
5CG133677F,05/10/2024
5CG133677H,11/10/2024
5CG133677L,11/10/2024
5CG133677M,11/10/2024
5CG133677Q,11/10/2024
5CG133677R,11/10/2024
5CG133677S,11/10/2024
5CG133677T,23/09/2024
5CG133677V,11/10/2024
5CG133677W,11/10/2024
5CG133677X,12/10/2024
5CG133677Y,11/10/2024
5CG1336781,11/10/2024
5CG1336782,11/10/2024
5CG1336783,11/10/2024
5CG1336784,11/10/2024
5CG1336785,11/10/2024
5CG1336786,11/10/2024
5CG1336787,11/10/2024
5CG1336788,03/11/2024
5CG1336789,23/09/2024
5CG133678B,23/09/2024
5CG133678C,12/10/2024
5CG133678G,11/10/2024
5CG133678K,11/10/2024
5CG133678L,11/10/2024
5CG133678M,11/10/2024
5CG133678N,11/10/2024
5CG133678P,11/10/2024
5CG133678T,11/10/2024
5CG133678V,11/10/2024
5CG133678W,11/10/2024
5CG133678X,11/10/2024
5CG133678Z,11/10/2024
5CG1336792,07/11/2024
5CG1336794,23/09/2024
5CG1336796,23/09/2024
5CG1336797,11/10/2024
5CG1336798,11/10/2024
5CG1336799,11/10/2024
5CG133679C,23/09/2024
5CG1356NLM,03/11/2024
5CG1356NLS,13/11/2024
5CG1356NLT,27/03/2025
5CG1356NLV,27/01/2025
5CG1356NMH,Not Found
5CG1356NMT,01/10/2024
5CG1356NRX,01/05/2025
5CG1356NS5,05/01/2025
5CG1356NS7,10/08/2025
5CG1356NS9,01/10/2024
5CG1356NSD,03/11/2024
5CG1356NSG,01/05/2025
5CG1356NSK,01/10/2024
5CG1356NSN,17/11/2024
5CG1356NSV,01/10/2024
5CG1356NSW,21/03/2025
5CG1356NVV,03/11/2024
5CG1356NVY,19/10/2024
5CG1356NVZ,15/11/2024
5CG1356NW7,01/10/2024
5CG1445XFL,26/01/2025
5CG1445XGM,27/02/2025
5CG1445XGS,06/02/2025
5CG1445XGT,09/02/2025
5CG1445XGY,15/02/2025
5CG1445XSV,27/02/2025
5CG1445XSW,07/02/2025
5CG1445XT0,22/02/2025
5CG1445XT3,09/02/2025
5CG1445XT4,09/02/2025
5CG1445XT8,15/02/2025
5CG1445XTG,07/02/2025
5CG1445XTJ,Not Found
5CG1445XTQ,22/02/2025
5CG1445XTS,15/02/2025
5CG1445XTX,01/02/2025
5CG1445XTY,09/02/2025
5CG1445XV0,15/02/2025
5CG1445Y0D,15/02/2025
5CG1445Y0P,09/02/2025
5CG1445Y0S,15/02/2025
5CG1445Y0Z,07/02/2025
5CG1445Y1B,09/02/2025
5CG1445Y1G,09/02/2025
5CG1445Y1P,27/02/2025
5CG1445YCD,15/02/2025
5CG1445YCW,14/02/2025
5CG1445YCY,20/02/2025
5CG1445YD0,15/02/2025
5CG1445YHT,09/02/2025
5CG1445YHX,Not Found
5CG1445YHZ,13/02/2025
5CG1445YJ2,09/02/2025
5CG1445YJ3,13/02/2025
5CG1445YJ8,27/02/2025
5CG1445YJ9,14/02/2025
5CG1445YJG,27/02/2025
5CG1445YJN,09/02/2025
5CG1445YJR,13/02/2025
5CG1445YJY,07/02/2025
5CG1445YK2,15/02/2025
5CG1445YK4,14/02/2025
5CG1445ZDF,08/02/2025
5CG1445ZDH,14/02/2025
5CG1445ZDM,09/02/2025
5CG1445ZDP,Not Found
5CG1445ZF0,09/02/2025
5CG1445ZF4,15/02/2025
5CG1445ZFB,20/02/2025
5CG1445ZFC,07/02/2025
5CG1445ZFD,20/02/2025
5CG1445ZFF,14/02/2025
5CG1445ZFT,07/02/2025
5CG1445ZPF,09/02/2025
5CG1445ZPH,14/02/2025
5CG1445ZPJ,13/02/2025
5CG1445ZPK,20/02/2025
5CG1445ZPR,14/02/2025
5CG1445ZPW,Not Found
5CG1445ZPX,14/02/2025
5CG1445ZQG,15/02/2025
5CG1445ZQK,13/02/2025
5CG1445ZQS,09/02/2025
5CG144600X,14/02/2025
5CG144600Y,09/02/2025
5CG144600Z,07/02/2025
5CG1446012,15/02/2025
5CG144601B,22/02/2025
5CG144601F,09/02/2025
5CG144601N,14/02/2025
5CG144601X,15/02/2025
5CG1446020,09/02/2025
5CG1446021,06/02/2025
5CG144602D,14/02/2025
5CG1447T3M,08/03/2025
5CG1447T3Q,28/07/2025
5CG1447T3S,31/07/2025
5CG1447T3V,15/09/2025
5CG1447T42,07/09/2025
5CG1447T47,22/02/2025
5CG1447T4K,08/03/2025
5CG1447T4Q,18/07/2025
5CG1447T4X,21/02/2025
5CG1447T4Y,03/08/2025
5CG1447TQS,05/09/2025
5CG1447TQX,26/07/2025
5CG1447TR0,01/03/2025
5CG1447TR3,03/07/2025
5CG1447TR8,22/02/2025
5CG1447TR9,27/03/2025
5CG1447TRL,26/04/2025
5CG1447TRY,01/03/2025
5CG1447V94,24/02/2025
5CG1447V98,Not Found
5CG1447V99,23/03/2025
5CG1447V9C,26/07/2025
5CG1447V9D,01/03/2025
5CG1447V9F,01/03/2025
5CG1447V9S,10/03/2025
5CG1447V9W,26/07/2025
5CG1447V9Z,27/07/2025
5CG1447VB5,01/03/2025
5CG1447VB9,25/07/2025
5CG1447VBB,01/03/2025
5CG1447VBC,25/07/2025
5CG1447VBG,29/08/2025
5CG1447VBM,Not Found
5CG1447VRT,22/02/2025
5CG1447VS0,01/03/2025
5CG1447VS5,20/07/2025
5CG1447VS8,15/03/2025
5CG1447VS9,22/02/2025
5CG1447VSD,23/07/2025
5CG1447VSP,29/06/2025
5CG1447VSY,07/09/2025
5CG1447WD9,03/07/2025
5CG1447WDC,15/03/2025
5CG1447WDK,05/06/2025
5CG1447WDL,19/07/2025
5CG1447WDV,21/08/2025
5CG1447WFD,21/08/2025
5CG1447X1M,01/03/2025
5CG1447X1Q,03/07/2025
5CG1447X1R,03/07/2025
5CG1447X28,22/02/2025
5CG1447X29,02/03/2022
5CG1447X2B,23/07/2025
5CG1447X2D,29/03/2025
5CG1447X2P,01/03/2025
5CG1447X2T,14/08/2025
5CG1447X30,11/07/2025
5CG14480TV,26/07/2025
5CG14480V4,24/02/2025
5CG14480V5,22/02/2025
5CG14480V6,07/08/2025
5CG14480V7,14/08/2025
5CG14480V9,23/05/2025
5CG14480VK,26/07/2025
5CG14480VL,27/06/2025
5CG14480VM,26/06/2025
5CG14480VN,08/05/2025
5CG14480W1,15/09/2025
5CG14480W2,01/05/2025
5CG14480W5,01/03/2025
5CG14480W9,25/07/2025
5CG144817Q,07/03/2025
5CG144817T,01/03/2025
5CG144817X,15/06/2025
5CG1448180,03/07/2025
5CG1448183,25/07/2025
5CG1448184,23/02/2025
5CG144818N,15/02/2025
5CG144818Q,11/04/2025
5CG21395HK,04/06/2025
5CG21395HM,04/06/2025
5CG21395HS,04/06/2025
5CG21395HT,04/06/2025
5CG21395J0,04/06/2025
5CG21395MN,04/06/2025
5CG21395MX,04/06/2025
5CG21395N0,04/06/2025
5CG21395NC,04/06/2025
5CG21395PX,04/06/2025
5CG21395PZ,04/06/2025
5CG21395QD,04/06/2025
5CG21395WX,04/06/2025
5CG21395XJ,04/06/2025
5CG21395XL,04/06/2025
5CG21395XS,04/06/2025
5CG21395XT,04/06/2025
5CG213961G,04/06/2025
5CG213961K,04/06/2025
5CG213962R,04/06/2025
5CG213962T,04/06/2025
5CG213962Y,04/06/2025
5CG2139639,04/06/2025
5CG213963G,04/06/2025
5CG213963H,04/06/2025
5CG213964W,04/06/2025
5CG213964X,04/06/2025
5CG2139656,04/06/2025
5CG2194Y1N,21/07/2025
5CG3222F2S,26/09/2026
5CG34345S0,17/12/2026
5CG34345S5,27/01/2027
5CG34348BS,19/12/2026
5CG34348BV,14/12/2026
5CG34408TC,15/06/2026
5CG3503WN0,27/04/2027
5CG3503WN6,18/05/2027
5CG3503WNQ,19/05/2027
5CG3503WTV,19/05/2027
5CG3503WVQ,21/05/2027
5CG3503X7J,29/05/2027
5CG40530S9,13/03/2027
5CG4160LPJ,25/04/2027
5CG4160LQ3,02/09/2027
5CG4160LQD,02/09/2027
5CG4160LRX,01/09/2027
5CG4160LS2,07/09/2027
5CG4160LS7,07/08/2027
5CG4160LSF,02/09/2027
5CG4160LSN,07/09/2027
5CG4160LST,28/08/2027
5CG4160LT4,08/08/2027
5CG4160LT4,08/08/2027
5CG4212WX9,26/07/2027
5CG4212WXK,30/07/2027
5CG4212WXY,26/07/2027
5CG4212WY1,26/07/2027
5CG4212WY2,26/07/2027
5CG4212WY6,26/07/2027
5CG4240YBD,21/08/2027
5CG4240YBS,13/08/2027
5CG4240YCC,24/08/2027
5CG43723MZ,Not Found
5CG44339M7,Not Found
5CG4505VSB,19/03/2028
5CG4505VSK,20/02/2028
5CG4505VT3,20/02/2028
5CG4505VT9,20/02/2028
5CG4505VXR,20/02/2028
5CG4505VXX,20/02/2028
5CG4505VY1,20/02/2028
5CG4505VYC,20/02/2028
5CG4505VYL,20/02/2028
5CG4505VYY,20/02/2028
5CG4505VZ0,20/02/2028
5CG4505VZ7,20/02/2028
5CG4505VZK,20/02/2028
5CG4505VZS,20/02/2028
5CG4505W6G,20/02/2028
5CG4505W6T,20/02/2028
5CG4505W79,20/02/2028
5CG4505W80,20/02/2028
5CG4505W86,20/02/2028
5CG4505W8Q,20/02/2028
5CG50220SS,Not Found
5CG50220VF,Not Found
5CG50220WP,Not Found
5CG50220YN,18/02/2028
5CG5202BX0,17/06/2028
5CG5202BXC,17/06/2028
